chroma_stft_mean,chroma_stft_var,rms_mean,rms_var,spectral_centroid_mean,spectral_centroid_var,spectral_bandwidth_mean,spectral_bandwidth_var,rolloff_mean,rolloff_var,zero_crossing_rate_mean,zero_crossing_rate_var,harmony_mean,harmony_var,perceptr_mean,perceptr_var,tempo,mfcc1_mean,mfcc1_var,mfcc2_mean,mfcc2_var,mfcc3_mean,mfcc3_var,mfcc4_mean,mfcc4_var,mfcc5_mean,mfcc5_var,mfcc6_mean,mfcc6_var,mfcc7_mean,mfcc7_var,mfcc8_mean,mfcc8_var,mfcc9_mean,mfcc9_var,mfcc10_mean,mfcc10_var,mfcc11_mean,mfcc11_var,mfcc12_mean,mfcc12_var,mfcc13_mean,mfcc13_var,mfcc14_mean,mfcc14_var,mfcc15_mean,mfcc15_var,mfcc16_mean,mfcc16_var,mfcc17_mean,mfcc17_var,mfcc18_mean,mfcc18_var,mfcc19_mean,mfcc19_var,mfcc20_mean,mfcc20_var
0.38965519243747804,0.09087868950538662,0.1859186291694641,0.0075187720358371735,3421.991609687279,1081084.7409003116,3409.8202952657143,163818.20108804057,7953.285240905573,2702243.4130420787,0.12676680715460525,0.009454517335267802,-5.491759111464489e-06,0.025324366986751556,-1.6679769032634795e-05,0.007226021494716406,135.99917763157896,-94.52947692207394,4171.340697640872,55.65046544238011,619.5501452230163,29.27058920679574,325.9624707343019,27.06379550932681,293.96430423152435,20.07252483889857,140.6099677527381,1.1707587918159443,224.72727063284665,12.950006862035957,136.25113322105352,-0.7957633745129153,162.08976486127366,8.88004534290934,119.74063426380867,-0.6759677992470209,125.74965082993222,-5.34066065207732,96.86201712586943,2.2174850359812375,74.01810554052945,-4.618740244139976,71.34828858269462,-0.9887730983826047,49.52341597369794,-1.4926826116949923,61.29854433289529,3.1318984514292376,112.26998432403894,2.5242732947249973,92.56763271306856,4.109381256759555,113.18656233445923,9.17621182169016,87.6603304314029,4.733110615826073,88.5762507179599
