chroma_stft_mean,chroma_stft_var,rms_mean,rms_var,spectral_centroid_mean,spectral_centroid_var,spectral_bandwidth_mean,spectral_bandwidth_var,rolloff_mean,rolloff_var,zero_crossing_rate_mean,zero_crossing_rate_var,harmony_mean,harmony_var,perceptr_mean,perceptr_var,tempo,mfcc1_mean,mfcc1_var,mfcc2_mean,mfcc2_var,mfcc3_mean,mfcc3_var,mfcc4_mean,mfcc4_var,mfcc5_mean,mfcc5_var,mfcc6_mean,mfcc6_var,mfcc7_mean,mfcc7_var,mfcc8_mean,mfcc8_var,mfcc9_mean,mfcc9_var,mfcc10_mean,mfcc10_var,mfcc11_mean,mfcc11_var,mfcc12_mean,mfcc12_var,mfcc13_mean,mfcc13_var,mfcc14_mean,mfcc14_var,mfcc15_mean,mfcc15_var,mfcc16_mean,mfcc16_var,mfcc17_mean,mfcc17_var,mfcc18_mean,mfcc18_var,mfcc19_mean,mfcc19_var,mfcc20_mean,mfcc20_var
0.46064781876363314,0.08517913819925403,0.12528575956821442,0.0024665535893291235,2667.598264204199,418696.62410110125,2350.9824305291804,107871.58694521702,5474.5252296282415,1564567.9609165264,0.14734075682082043,0.002891991110898052,-0.015238309279084206,0.004689756315201521,-0.002442829543724656,0.008695547468960285,117.45383522727273,-80.90678123439973,4882.700397612826,84.79266539538189,750.9956916071126,-31.550184731094078,549.2926655548551,33.90193702857653,407.6079022624652,-19.85505048014316,158.83460971455875,23.561610580739817,135.5444268266678,-22.131770894997935,93.52242736456964,20.020830681023142,96.67611216285191,-16.769568629354737,93.56217161431849,19.208919635863623,55.79851922452623,-13.114734811259137,75.16710412696077,11.50348937134746,52.47005872567775,-10.731949122747661,74.01298725608511,10.570211050802836,71.92522246141526,-8.426814263405806,64.9149873365627,7.326541590760108,55.43886389980398,-5.376040118530469,69.46215465761283,7.688967341059263,62.261714237721314,-5.545128923821082,63.31418844052984,1.526965673191203,40.949604851685365
